Pair ID,Sentence 1,Sentence 2,Cont,Cont Agr
668,The bible is written in Latin.,The bible is available in English language only,1,1
676,The preferred candidates for good jobs speak only one language.,Good jobs require you to speak more than one language.,1,1
680,Self driving cars do not drink.,Autonomous vehicles get drunk.,1,1
684,Machines only interact with other machines.,Machines don�t communicate.,1,0.6
690,There is more than one language.,There is only a single language: HTML.,1,1
698,There are good jobs in big cities.,Big cities offer good jobs.,0,1
702,Modern assistants like Alexa or Siri make information faster to access.,Modern assistants give us quicker access to information.,0,1
708,New technologies can replace face-to-face social interaction.,Technological progress might backfire in some undesired behaviors.,0,1
714,Not knowing how to use a smartphone makes you less attractive for employers.,People who can�t use modern technologies are less desirable employees.,0,0.9
716,People never drink.,Drivers don't drink alcohol.,0,1
