Pair ID,Sentence 1,Sentence 2,PP,PP Agr
698,There are good jobs in big cities.,Big cities offer good jobs.,1,1
702,Modern assistants like Alexa or Siri make information faster to access.,Modern assistants give us quicker access to information.,1,1
1056,People never drink.,Alcohol is the main cause of traffic accidents.,0,1
1058,There is a bible.,Latin can�t be learned.,0,1
1060,Machines are good at many tasks including playing strategic games,Strategic games are one example of what machines are good at,1,0.9
1064,Digitalization leads to less personal interactions.,Being face-to-face is dangerous.,0,1
1070,Kids throughout the world are given equal opportunities to get an education,All children have exactly the same schooling opportunities everywhere in the world.,1,0.9
1072,Technology may be the most important part of education today.,Technology is a very important element of educational programs today.,1,1
1074,Home schooled children are missing out on a vital part of their development.,School is a place of violence and bullying.,0,1
1076,Reading newspapers is important to find a new good job,Good jobs are given to people able to use modern technologies.,0,1
