Pair ID,Sentence 1,Sentence 2,Sim,Sim STD
698,There are good jobs in big cities.,Big cities offer good jobs.,5,0
708,New technologies can replace face-to-face social interaction.,Technological progress might backfire in some undesired behaviors.,2.4,1.02
714,Not knowing how to use a smartphone makes you less attractive for employers.,People who can�t use modern technologies are less desirable employees.,3.8,0.87
1052,Modern assistants make information faster to access.,Modern assistants give us quicker access to information.,4.9,0.3
1056,People never drink.,Alcohol is the main cause of traffic accidents.,0.7,0.64
1058,There is a bible.,Latin can�t be learned.,0,0
1060,Machines are good at many tasks including playing strategic games,Strategic games are one example of what machines are good at,4.6,0.66
1064,Digitalization leads to less personal interactions.,Being face-to-face is dangerous.,0.6,0.92
1068,Girls don't get good education in some countries.,Girls don't get good education.,3.9,0.83
1078,Learning a foreign languages improves your personal and professional life.,Life is enhanced by learning a second language.,3.9,1.04
