Pair ID,Sentence 1,Sentence 2,FWD Spec,FWD Spec Agr,BCW Spec,BCW Spec Agr
1056,People never drink.,Alcohol is the main cause of traffic accidents.,0,1,,
1058,There is a bible.,Latin can�t be learned.,0,0.9,,
1064,Digitalization leads to less personal interactions.,Being face-to-face is dangerous.,1,0.8,,
1068,Girls don't get good education in some countries.,Girls don't get good education.,1,0.9,0,1
1069,Girls don't get good education.,Girls don't get good education in some countries.,0,1,1,0.9
1074,Home schooled children are missing out on a vital part of their development.,School is a place of violence and bullying.,1,0.7,,
1076,Reading newspapers is important to find a new good job,Good jobs are given to people able to use modern technologies.,0,0.9,,
1078,Learning a foreign languages improves your personal and professional life.,Life is enhanced by learning a second language.,1,1,,
1080,To enter the workforce it is required to have good programming skills,It is necessary to be able to use computers to find a job.,1,1,0,1
1081,It is necessary to be able to use computers to find a job.,To enter the workforce it is required to have good programming skills,0,1,1,1
1082,An example of what machines can facilitate is human communication,People can communicate via machines.,1,0.6,0,0.9
1083,People can communicate via machines.,An example of what machines can facilitate is human communication,0,0.9,1,0.6
1084,Modern assistants like Alexa or Siri make information faster to access.,Modern assistants give us quicker access information.,1,1,0,1
1085,Modern assistants give us quicker access information.,Modern assistants like Alexa or Siri make information faster to access.,0,1,1,1
1086,There is only a single language: HTML.,There is only a single language.,1,0.9,0,1
1087,There is only a single language.,There is only a single language: HTML.,0,1,1,0.9
1088,Most Christian clerics are unaware that they do not need to learn Latin in order to study the bible.,Most Christian clerics do not need to learn Latin in order to study the bible.,1,0.6,,
1090,Machines perform well in strategic games such as chess or Go.,Strategic games are one example of what machines are good at,1,0.8,,
1092,Professional skills help you to find a good job.,There are things that helps you to find a good job.,1,0.8,,
1094,Some priests read the bible in Latin,There is a bible.,1,0.9,,
